{   "parent": "block/thin_block",
    "__createdwith": "opl's Model Creator",
    "ambientocclusion": false,
    "textures": {
        "particle": "#texture"
    },
    "elements": [
        {
            "from": [0,0,0],
            "to": [4,3,16],
            "faces": {
                "up": {
                    "texture": "#texture"
                },
                "down": {
                    "uv": [4,0,0,16],
                    "texture": "#texture",
					"rotation": 180
                },
                "west": {
                    "uv": [6,0,9,16],
                    "texture": "#side",
					"rotation": 270
                },
                "east": {
                    "uv": [6,0,9,16],
                    "texture": "#side",
					"rotation": 90
				},
                "north": {
                    "uv": [3,0,6,4],
                    "texture": "#side",
					"rotation": 90
                },
                "south": {
                    "uv": [0,0,3,4],
                    "texture": "#side",
					"rotation": 270
                }
            }
        },
        {
            "from": [12,0,0],
            "to": [16,3,16],
            "faces": {
                "up": {
                    "texture": "#texture"
                },
                "down": {
                    "uv": [16,0,12,16],
                    "texture": "#texture",
					"rotation": 180
                },
                "west": {
                    "uv": [6,0,9,16],
                    "texture": "#side",
					"rotation": 270
                },
                "east": {
                    "uv": [6,0,9,16],
                    "texture": "#side",
					"rotation": 90
				},
                "north": {
                    "uv": [3,12,6,16],
                    "texture": "#side",
					"rotation": 90
                },
                "south": {
                    "uv": [0,12,3,16],
                    "texture": "#side",
					"rotation": 270
                }
            }
        },
        {
            "from": [4,0,0],
            "to": [12,3,4],
            "faces": {
                "up": {
                    "texture": "#texture"
                },
                "down": {
                    "uv": [12,0,4,4],
                    "texture": "#texture",
					"rotation": 180
                },
                "north": {
                    "uv": [3,4,6,12],
                    "texture": "#side",
					"rotation": 90
                },
                "south": {
                    "uv": [12,4,15,12],
                    "texture": "#side",
					"rotation": 270
				}
            }
        },
        {
            "from": [4,0,12],
            "to": [12,3,16],
            "faces": {
                "up": {
                    "texture": "#texture"
                },
                "down": {
                    "uv": [12,12,4,16],
                    "texture": "#texture",
					"rotation": 180
                },
                "north": {
                    "uv": [12,4,15,12],
                    "texture": "#side",
					"rotation": 90
                },
                "south": {
                    "uv": [0,4,3,12],
                    "texture": "#side",
					"rotation": 270
				}
            }
        },
        {
            "from": [4,0,7],
            "to": [12,3,9],
            "faces": {
                "up": {
                    "texture": "#texture"
                },
                "down": {
                    "uv": [12,7,4,9],
                    "texture": "#texture",
					"rotation": 180
                },
                "north": {
                    "uv": [12,4,15,12],
                    "texture": "#side",
					"rotation": 90
                },
                "south": {
                    "uv": [12,4,15,12],
                    "texture": "#side",
					"rotation": 270
				}
            }
        },
        {
            "from": [7,0,4],
            "to": [9,3,12],
            "faces": {
                "up": {
                    "texture": "#texture"
                },
                "down": {
                    "uv": [9,4,7,12],
                    "texture": "#texture",
					"rotation": 180
                },
                "west": {
                    "uv": [6,4,9,12],
                    "texture": "#side",
					"rotation": 270
                },
                "east": {
                    "uv": [6,4,9,12],
                    "texture": "#side",
					"rotation": 90
				}
            }
        }
    ]
}