{
    "__createdwith": "opl's Model Creator",
    "ambientocclusion": false,
    "textures": {
        "particle": "block/rail",
        "rail": "block/rail"
    },
    "elements": [
        {
            "from": [2,0,2],
            "to": [5,1,16],
            "faces": {
                "up": {
                    "texture": "#rail"
                },
                "down": {
                    "uv": [5,2,2,16],
                    "texture": "#rail",
                    "rotation": 180
                },
                "west": {
                    "uv": [2,2,3,16],
                    "texture": "#rail",
                    "rotation": 270
                },
                "east": {
                    "uv": [4,2,5,16],
                    "texture": "#rail",
                    "rotation": 90
                },
                "north": {
                    "uv": [2,2,5,3],
                    "texture": "#rail"
                },
                "south": {
                    "texture": "#rail"
                }
            }
        },
        {
            "from": [5,0,2],
            "to": [16,1,5],
            "faces": {
                "up": {
                    "texture": "#rail"
                },
                "down": {
                    "uv": [16,2,5,5],
                    "texture": "#rail",
                    "rotation": 180
                },
                "east": {
                    "uv": [15,2,16,5],
                    "texture": "#rail",
                    "rotation": 90
                },
                "north": {
                    "uv": [5,2,16,3],
                    "texture": "#rail"
                },
                "south": {
                    "uv": [5,4,16,5],
                    "texture": "#rail"
                }
            }
        },
        {
            "from": [11,0,11],
            "to": [14,1,16],
            "faces": {
                "up": {
                    "texture": "#rail"
                },
                "down": {
                    "uv": [14,11,11,16],
                    "texture": "#rail",
                    "rotation": 180
                },
                "west": {
                    "uv": [11,11,12,16],
                    "texture": "#rail",
                    "rotation": 270
                },
                "east": {
                    "uv": [13,11,14,16],
                    "texture": "#rail",
                    "rotation": 90
                },
                "north": {
                    "uv": [11,11,14,12],
                    "texture": "#rail"
                },
                "south": {
                    "texture": "#rail"
                }
            }
        },
        {
            "from": [14,0,11],
            "to": [16,1,14],
            "faces": {
                "up": {
                    "texture": "#rail"
                },
                "down": {
                    "uv": [16,11,14,14],
                    "texture": "#rail",
                    "rotation": 180
                },
                "east": {
                    "uv": [15,11,16,14],
                    "texture": "#rail",
                    "rotation": 90
                },
                "north": {
                    "uv": [14,11,16,12],
                    "texture": "#rail"
                },
                "south": {
                    "uv": [14,13,16,14],
                    "texture": "#rail"
                }
            }
        }
    ]
}