{
    "ambientocclusion": false,
    "textures": {
        "particle": "block/redstone_dust_dot",
        "line": "block/redstone_dust_dot",
        "overlay": "block/redstone_dust_overlay"
    },
    "elements": [
        {   "from": [ 5, -0.05, 5 ],
            "to": [ 11, 0.3, 11 ],
            "shade": false,
            "faces": {
                "up": { "uv": [ 5, 5, 11, 11], "texture": "#line", "tintindex": 0 },
                "down": { "uv": [ 5, 5, 11, 11], "texture": "#line", "tintindex": 0 },
				"north": { "uv": [ 5, 5, 5.35, 11 ], "texture": "#line", "tintindex": 0 },
				"south": { "uv": [ 5, 5, 5.35, 11 ], "texture": "#line", "tintindex": 0 },
                "west":  { "uv": [ 5, 5, 5.35, 11 ], "texture": "#line", "tintindex": 0 },
                "east":  { "uv": [ 5, 5, 5.35, 11 ], "texture": "#line", "tintindex": 0 }
            }
        }
    ]
}
