{
    "__createdwith": "opl's Model Creator",
    "ambientocclusion": false,
    "textures": {
        "particle": "block/ladder",
        "texture": "block/ladder"
     },
    "elements": [
        {
            "from": [2,0,15.2],
            "to": [5,16,16],
            "faces": {
                "up": {
                    "uv": [2,0,5,1],
                    "texture": "#texture"
                },
                "down": {
                    "uv": [2,0,5,1],
                    "texture": "#texture"
                },
                "west": {
                    "uv": [13,0,14,16],
                    "texture": "#texture"
                },
                "east": {
                    "uv": [11,0,12,16],
                    "texture": "#texture"
                },
                "north": {
                    "texture": "#texture"
                },
                "south": {
                    "texture": "#texture"
                }
            }
        },
        {
            "from": [11,0,15.2],
            "to": [14,16,16],
            "faces": {
                "up": {
                    "uv": [2,0,5,1],
                    "texture": "#texture"
                },
                "down": {
                    "uv": [2,0,5,1],
                    "texture": "#texture"
                },
                "west": {
                    "uv": [13,0,14,16],
                    "texture": "#texture"
                },
                "east": {
                    "uv": [11,0,12,16],
                    "texture": "#texture"
                },
                "north": {
                    "texture": "#texture"
                },
                "south": {
                    "texture": "#texture"
                }
            }
        },
        {
            "from": [1,13,15.2],
            "to": [15,16,16],
            "faces": {
                "up": {
                    "uv": [1,0,15,1],
                    "texture": "#texture"
                },
                "down": {
                    "uv": [1,2,15,3],
                    "texture": "#texture"
                },
                "west": {
                    "uv": [14,0,15,3],
                    "texture": "#texture"
                },
                "east": {
                    "uv": [14,0,15,3],
                    "texture": "#texture"
                },
                "north": {
                    "texture": "#texture"
                },
                "south": {
                    "texture": "#texture"
                }
            }
        },
        {
            "from": [1,9,15.2],
            "to": [15,12,16],
            "faces": {
                "up": {
                    "uv": [1,0,15,1],
                    "texture": "#texture"
                },
                "down": {
                    "uv": [1,2,15,3],
                    "texture": "#texture"
                },
                "west": {
                    "uv": [14,0,15,3],
                    "texture": "#texture"
                },
                "east": {
                    "uv": [14,0,15,3],
                    "texture": "#texture"
                },
                "north": {
                    "texture": "#texture"
                },
                "south": {
                    "texture": "#texture"
                }
            }
        },
        {
            "from": [1,5,15.2],
            "to": [15,8,16],
            "faces": {
                "up": {
                    "uv": [1,0,15,1],
                    "texture": "#texture"
                },
                "down": {
                    "uv": [1,2,15,3],
                    "texture": "#texture"
                },
                "west": {
                    "uv": [14,0,15,3],
                    "texture": "#texture"
                },
                "east": {
                    "uv": [14,0,15,3],
                    "texture": "#texture"
                },
                "north": {
                    "texture": "#texture"
                },
                "south": {
                    "texture": "#texture"
                }
            }
        },
        {
            "from": [1,1,15.2],
            "to": [15,4,16],
            "faces": {
                "up": {
                    "uv": [1,0,15,1],
                    "texture": "#texture"
                },
                "down": {
                    "uv": [1,2,15,3],
                    "texture": "#texture"
                },
                "west": {
                    "uv": [14,0,15,3],
                    "texture": "#texture"
                },
                "east": {
                    "uv": [14,0,15,3],
                    "texture": "#texture"
                },
                "north": {
                    "texture": "#texture"
                },
                "south": {
                    "texture": "#texture"
                }
            }
        }
    ]
}