{
    "ambientocclusion": false,
    "textures": {
        "particle": "block/redstone_dust_dot",
        "overlay": "block/redstone_dust_overlay"
    },
    "elements": [
        {   "from": [ 6, 0, 0 ],
            "to": [ 10, 0.25, 8 ],
            "shade": false,
            "faces": {
                "up": { "uv": [ 6, 0, 10, 8 ], "texture": "#line", "tintindex": 0 },
                "down": { "uv": [ 6, 0, 10, 8 ], "texture": "#line", "tintindex": 0 },
				"north": { "uv": [ 6, 0, 10, 0.25 ], "texture": "#line", "tintindex": 0 },
				"south": { "uv": [ 6, 0, 10, 0.25 ], "texture": "#line", "tintindex": 0 },
                "west":  { "uv": [ 6, 0, 6.25, 8 ], "texture": "#line", "tintindex": 0 },
                "east":  { "uv": [ 6, 0, 6.25, 8 ], "texture": "#line", "tintindex": 0 }
            }
        }
    ]
}
