{
    "__createdwith": "opl's Model Creator",
    "parent": "block/thin_block",
    "textures": {
        "boat": "block/transportation/boat_oak"
    },
    "elements": [
        {
            "from": [-6,-1,0],
            "to": [22,2,16],
            "faces": {
                "up": {
                    "uv": [2,1.5,16,9.5],
                    "texture": "#boat"
                },
                "down": {
                    "uv": [2,1.5,16,9.5],
                    "texture": "#boat"
                },
                "west": {
                    "uv": [0,8,1.5,16],
                    "texture": "#boat",
                    "rotation": 90
                },
                "east": {
                    "uv": [0,8,1.5,16],
                    "texture": "#boat",
                    "rotation": 90
                },
                "north": {
                    "uv": [0,0,14,1.5],
                    "texture": "#boat"
                },
                "south": {
                    "uv": [0,0,14,1.5],
                    "texture": "#boat"
                }
            }
        },
        {
            "from": [22,2,-1],
            "to": [24,8,17],
            "faces": {
                "up": {
                    "uv": [2,12,11,13],
                    "texture": "#boat",
                    "rotation": 90
                },
                "down": {
                    "uv": [2,12,11,13],
                    "texture": "#boat",
                    "rotation": 90
                },
                "west": {
                    "uv": [7,9.5,16,12.5],
                    "texture": "#boat",
                    "rotation": 180
                },
                "east": {
                    "uv": [7,9.5,16,12.5],
                    "texture": "#boat",
                    "rotation": 180
                },
                "north": {
                    "uv": [8,9.5,9,12.5],
                    "texture": "#boat",
                    "rotation": 180
                },
                "south": {
                    "uv": [8,9.5,9,12.5],
                    "texture": "#boat",
                    "rotation": 180
                }
            }
        },
        {
            "from": [-6,2,16],
            "to": [22,8,18],
            "faces": {
                "up": {
                    "uv": [2,12,16,13],
                    "texture": "#boat"
                },
                "down": {
                    "uv": [2,12,16,13],
                    "texture": "#boat"
                },
                "west": {
                    "uv": [7,9.5,8,12.5],
                    "texture": "#boat",
                    "rotation": 180
                },
                "east": {
                    "uv": [7,9.5,8,12.5],
                    "texture": "#boat",
                    "rotation": 180
                },
                "north": {
                    "uv": [2.5,13,16,16],
                    "texture": "#boat"
                },
                "south": {
                    "uv": [2,13,16,16],
                    "texture": "#boat"
                }
            }
        },
        {
            "from": [-6,2,-2],
            "to": [22,8,0],
            "faces": {
                "up": {
                    "uv": [2,12,16,13],
                    "texture": "#boat"
                },
                "down": {
                    "uv": [2,12,16,13],
                    "texture": "#boat"
                },
                "west": {
                    "uv": [7,9.5,8,12.5],
                    "texture": "#boat",
                    "rotation": 180
                },
                "east": {
                    "uv": [7,9.5,8,12.5],
                    "texture": "#boat",
                    "rotation": 180
                },
                "north": {
                    "uv": [2.5,13,16,16],
                    "texture": "#boat"
                },
                "south": {
                    "uv": [2,13,16,16],
                    "texture": "#boat"
                }
            }
        },
        {
            "from": [-8,2,0],
            "to": [-6,8,16],
            "faces": {
                "up": {
                    "uv": [2,12,11,13],
                    "texture": "#boat",
                    "rotation": 90
                },
                "down": {
                    "uv": [2,12,11,13],
                    "texture": "#boat",
                    "rotation": 90
                },
                "west": {
                    "uv": [7.5,9.5,15.5,12.5],
                    "texture": "#boat",
                    "rotation": 180
                },
                "east": {
                    "uv": [7.5,9.5,15.5,12.5],
                    "texture": "#boat",
                    "rotation": 180
                },
                "north": {
                    "uv": [7,9.5,8,12.5],
                    "texture": "#boat",
                    "rotation": 180
                },
                "south": {
                    "uv": [7,9.5,8,12.5],
                    "texture": "#boat",
                    "rotation": 180
                }
            }
        },
        {
            "from": [7,-3,-3],
            "to": [9,15,-1],
            "rotation": { "origin": [ 8, 10, 8 ], "axis": "z", "angle": -45 },
            "faces": {
                "up": {
                    "uv": [14,1,15,2],
                    "texture": "#boat"
                },
                "down": {
                    "uv": [14,2,15,3],
                    "texture": "#boat"
                },
                "west": {
                    "uv": [14,9.5,15,0.5],
                    "texture": "#boat"
                },
                "east": {
                    "uv": [14,9.5,15,0.5],
                    "texture": "#boat"
                },
                "north": {
                    "uv": [14,9.5,15,0.5],
                    "texture": "#boat"
                },
                "south": {
                    "uv": [14,9.5,15,0.5],
                    "texture": "#boat"
                }
            }
        },
        {
            "from": [4,-5,-3.1],
            "to": [10,2,-2.1],
            "rotation": { "origin": [ 8, 10, 8 ], "axis": "z", "angle": -45 },
            "faces": {
                "up": {
                    "uv": [2,1.5,5,2],
                    "texture": "#boat"
                },
                "down": {
                    "uv": [2,1.5,5,2],
                    "texture": "#boat"
                },
                "west": {
                    "uv": [2,1.5,2.5,5],
                    "texture": "#boat"
                },
                "east": {
                    "uv": [2,1.5,2.5,5],
                    "texture": "#boat"
                },
                "north": {
                    "uv": [3.5,9,7,12],
                    "texture": "#boat",
                    "rotation": 90
                },
                "south": {
                    "uv": [3.5,9,7,12],
                    "texture": "#boat",
                    "rotation": 90
                }
            }
        },
        {
            "from": [5,-5,18.1],
            "to": [11,2,19.1],
            "rotation": { "origin": [ 8, 10, 8 ], "axis": "z", "angle": -45 },
            "faces": {
                "up": {
                    "uv": [2,1.5,5,2],
                    "texture": "#boat"
                },
                "down": {
                    "uv": [2,1.5,5,2],
                    "texture": "#boat"
                },
                "west": {
                    "uv": [2,1.5,2.5,5],
                    "texture": "#boat"
                },
                "east": {
                    "uv": [2,1.5,2.5,5],
                    "texture": "#boat"
                },
                "north": {
                    "uv": [3.5,9,7,12],
                    "texture": "#boat",
                    "rotation": 90
                },
                "south": {
                    "uv": [3.5,9,7,12],
                    "texture": "#boat",
                    "rotation": 90
                }
            }
        },
        {
            "from": [8,-3,17],
            "to": [10,15,19],
            "rotation": { "origin": [ 8, 10, 8 ], "axis": "z", "angle": -45 },
            "faces": {
                "up": {
                    "uv": [14,1,15,2],
                    "texture": "#boat"
                },
                "down": {
                    "uv": [14,2,15,3],
                    "texture": "#boat"
                },
                "west": {
                    "uv": [14,9.5,15,0.5],
                    "texture": "#boat"
                },
                "east": {
                    "uv": [14,9.5,15,0.5],
                    "texture": "#boat"
                },
                "north": {
                    "uv": [14,9.5,15,0.5],
                    "texture": "#boat"
                },
                "south": {
                    "uv": [14,9.5,15,0.5],
                    "texture": "#boat"
                }
            }
        }
    ],
    "display": {
        "gui": {
            "rotation": [ 30, 225, 0 ],
            "translation": [ 0, 0, 0],
            "scale":[ 0.4, 0.4, 0.4 ]
        },
        "firstperson_righthand": {
            "rotation": [ 0, 135, 0 ],
            "translation": [ 0, 2, 0 ],
            "scale": [ 0.40, 0.40, 0.40 ]
        },
        "firstperson_lefthand": {
            "rotation": [ 0, 135, 0 ],
            "translation": [ 0, 2, 0 ],
            "scale": [ 0.40, 0.40, 0.40 ]
        }
    }
}