{
	"parent": "block/soul_campfire",
	"textures": 
	{
        "fire": "item/soul_campfire_fire"
    },
	    "display": {
        "thirdperson_righthand": {
            "rotation": [ 75, 45, 0 ],
            "translation": [ 0, 2.5, 2],
            "scale": [ 0.375, 0.375, 0.375 ]
        },
        "firstperson_righthand": {
            "rotation": [ 0, 45, 0 ],
            "translation": [ 0, 3.8, 0 ],
            "scale": [ 0.40, 0.40, 0.40 ]
        },
        "firstperson_lefthand": {
            "rotation": [ 0, 225, 0 ],
            "translation": [ 0, 3.8, 0 ],
            "scale": [ 0.40, 0.40, 0.40 ]
        }
    },
	"gui_light": "front"
}
