{
  "parent": "minecraft:item/template_candle",
  "textures": {
    "all": "minecraft:block/candle"
  },
  "elements": [
    {
      "from": [6, 0, 6],
      "to": [10, 12, 10],
      "faces": {
        "north": {"uv": [0, 8, 2, 14], "texture": "#all"},
        "east": {"uv": [0, 8, 2, 14], "texture": "#all"},
        "south": {"uv": [0, 8, 2, 14], "texture": "#all"},
        "west": {"uv": [0, 8, 2, 14], "texture": "#all"},
        "up": {"uv": [0, 6, 2, 8], "texture": "#all"},
        "down": {"uv": [0, 14, 2, 16], "texture": "#all", "cullface": "down"}
      }
    },
    {
      "from": [6.5, 12, 8],
      "to": [9.5, 14, 8],
      "rotation": {"angle": 45, "axis": "y", "origin": [8, 12, 8]},
      "faces": {
        "north": {"uv": [0, 5, 1, 6], "texture": "#all"},
        "south": {"uv": [0, 5, 1, 6], "texture": "#all"}
      }
    },
    {
      "from": [6.5, 12, 8],
      "to": [9.5, 14, 8],
      "rotation": {"angle": -45, "axis": "y", "origin": [8, 12, 8]},
      "faces": {
        "north": {"uv": [0, 5, 1, 6], "texture": "#all"},
        "south": {"uv": [0, 5, 1, 6], "texture": "#all"}
      }
    }
  ]
}