{   "parent": "block/thin_block",
    "__createdwith": "opl's Model Creator",
    "parent": "block/thin_block",
    "textures": {
        "minecart": "block/transportation/minecart",
        "hopper_inside": "block/hopper_inside",
        "hopper_outside": "block/hopper_outside",
        "hopper_top": "block/hopper_top"
    },
    "elements": [
        {
            "from": [-2,0,0],
            "to": [18,2,16],
            "faces": {
                "up": {
                    "uv": [0,8,10,16],
                    "texture": "#minecart"
                },
                "down": {
                    "uv": [0,0,10,8],
                    "texture": "#minecart"
                },
                "west": {
                    "uv": [15,0,16,8],
                    "texture": "#minecart",
                    "rotation": 270
                },
                "east": {
                    "uv": [15,0,16,8],
                    "texture": "#minecart",
                    "rotation": 270
                },
                "north": {
                    "uv": [14,0,15,10],
                    "texture": "#minecart",
                    "rotation": 270
                },
                "south": {
                    "uv": [14,0,15,10],
                    "texture": "#minecart",
                    "rotation": 270
                }
            }
        },
        {
            "from": [0,2,14],
            "to": [16,10,16],
            "faces": {
                "up": {
                    "uv": [15,8,16,16],
                    "texture": "#minecart",
                    "rotation": 90
                },
                "north": {
                    "uv": [10,0,14,8],
                    "texture": "#minecart",
                    "rotation": 270
                },
                "south": {
                    "uv": [10,8,14,16],
                    "texture": "#minecart",
                    "rotation": 270
                }
            }
        },
        {
            "from": [0,2,0],
            "to": [16,10,2],
            "faces": {
                "up": {
                    "uv": [15,8,16,16],
                    "texture": "#minecart",
                    "rotation": 90
                },
                "north": {
                    "uv": [10,8,14,16],
                    "texture": "#minecart",
                    "rotation": 270
                },
                "south": {
                    "uv": [10,0,14,8],
                    "texture": "#minecart",
                    "rotation": 270
                }
            }
        },
        {
            "from": [-2,2,0],
            "to": [0,10,16],
            "faces": {
                "up": {
                    "uv": [15,8,16,16],
                    "texture": "#minecart"
                },
                "west": {
                    "uv": [10,8,14,16],
                    "texture": "#minecart",
                    "rotation": 270
                },
                "east": {
                    "uv": [10,0,14,8],
                    "texture": "#minecart",
                    "rotation": 270
                },
                "north": {
                    "uv": [14,12,15,16],
                    "texture": "#minecart"
                },
                "south": {
                    "uv": [15,12,14,16],
                    "texture": "#minecart"
                }
            }
        },
        {
            "from": [16,2,0],
            "to": [18,10,16],
            "faces": {
                "up": {
                    "uv": [15,8,16,16],
                    "texture": "#minecart"
                },
                "west": {
                    "uv": [10,0,14,8],
                    "texture": "#minecart",
                    "rotation": 270
                },
                "east": {
                    "uv": [10,8,14,16],
                    "texture": "#minecart",
                    "rotation": 270
                },
                "north": {
                    "uv": [15,12,14,16],
                    "texture": "#minecart"
                },
                "south": {
                    "uv": [14,12,15,16],
                    "texture": "#minecart"
                }
            }
        },
        {
            "from": [2,7,2],
            "to": [14,8,14],
            "faces": {
                "up": {
                    "uv": [1,1,15,15],
                    "texture": "#hopper_inside"
                },
                "west": {
                    "uv": [0,4,16,5],
                    "texture": "#hopper_outside"
                },
                "east": {
                    "uv": [0,4,16,5],
                    "texture": "#hopper_outside"
                }
            }
        },
        {
            "from": [4,8,12],
            "to": [14,12,14],
            "faces": {
                "up": {
                    "uv": [6,14,16,16],
                    "texture": "#hopper_top"
                },
                "east": {
                    "texture": "#hopper_outside"
                },
                "north": {
                    "texture": "#hopper_outside"
                },
                "south": {
                    "texture": "#hopper_outside"
                }
            }
        },
        {
            "from": [2,8,2],
            "to": [12,12,4],
            "faces": {
                "up": {
                    "uv": [0,0,10,2],
                    "texture": "#hopper_top"
                },
                "west": {
                    "texture": "#hopper_outside"
                },
                "north": {
                    "texture": "#hopper_outside"
                },
                "south": {
                    "texture": "#hopper_outside"
                }
            }
        },
        {
            "from": [2,8,4],
            "to": [4,12,14],
            "faces": {
                "up": {
                    "uv": [0,6,2,16],
                    "texture": "#hopper_top"
                },
                "west": {
                    "texture": "#hopper_outside"
                },
                "east": {
                    "texture": "#hopper_outside"
                },
                "south": {
                    "texture": "#hopper_outside"
                }
            }
        },
        {
            "from": [12,8,2],
            "to": [14,12,12],
            "faces": {
                "up": {
                    "uv": [14,0,16,10],
                    "texture": "#hopper_top"
                },
                "west": {
                    "texture": "#hopper_outside"
                },
                "east": {
                    "texture": "#hopper_outside"
                },
                "north": {
                    "texture": "#hopper_outside"
                }
            }
        }
    ],
    "display": {
        "firstperson_righthand": {
            "rotation": [ 0, 135, 0 ],
            "translation": [ 0, 2, 0 ],
            "scale": [ 0.40, 0.40, 0.40 ]
        },
        "firstperson_lefthand": {
            "rotation": [ 0, 135, 0 ],
            "translation": [ 0, 2, 0 ],
            "scale": [ 0.40, 0.40, 0.40 ]
        }
    }
}